CREATE TABLE ROLES (
  ID_ROL SERIAL PRIMARY KEY NOT NULL,
  NOMBRE_ROL VARCHAR(50) NOT NULL,
  DESCRIPCION_ROL VARCHAR(100) NOT NULL
);

CREATE TABLE USUARIOS (
  ID_USUARIO SERIAL PRIMARY KEY NOT NULL,
  NOMBRE_USUARIO VARCHAR(50) NOT NULL,
  APELLIDO_USUARIO VARCHAR(50) NOT NULL,
  USUARIO_USUARIO VARCHAR(50) NOT NULL UNIQUE,
  CONTRASENA_USUARIO VARCHAR(50) NOT NULL,
  CORREO_USUARIO VARCHAR(50) NOT NULL UNIQUE,
  FECHA_REGISTRO_USUARIO DATE NOT NULL DEFAULT CURRENT_DATE,
  ESTADO_USUARIO BOOLEAN NOT NULL DEFAULT TRUE,
  FK_ROL INT NOT NULL,
  FOREIGN KEY (FK_ROL) REFERENCES ROLES(ID_ROL) ON DELETE CASCADE ON UPDATE CASCADE
);

CREATE TABLE RUBROS (
  ID_RUBRO SERIAL PRIMARY KEY NOT NULL,
  CODIGO_RUBRO VARCHAR(10) NOT NULL,
  NOMBRE_RUBRO VARCHAR(50) NOT NULL,
  DESCRIPCION_RUBRO VARCHAR(100) NOT NULL
);

CREATE TABLE CUENTASMAYORES (
  ID_CUENTASMAYORES SERIAL NOT NULL PRIMARY KEY,
  CODIGO_CUENTAS_MAYORES  VARCHAR(10) NOT NULL,
  NOMBRE_CUENTAS_MAYORES VARCHAR(50) NOT NULL,
  DESCRIPCION_CUENTAS_MAYORES VARCHAR(100) NOT NULL,
  FK_RUBRO INT NOT NULL,
  FOREIGN KEY (FK_RUBRO) REFERENCES RUBROS(ID_RUBRO) ON DELETE CASCADE ON UPDATE CASCADE
);

CREATE TABLE CUENTAS(
 ID_CUENTAS SERIAL NOT NULL PRIMARY KEY,
 CODIGO_CUENTAS VARCHAR(10) NOT NULL,
 NOMBRE_CUENTAS VARCHAR(50) NOT NULL,
 DESCRIPCION_CUENTAS VARCHAR(100) NOT NULL,
 FK_CUENTASMAYORES INT NOT NULL,
 FOREIGN KEY (FK_CUENTASMAYORES) REFERENCES CUENTASMAYORES(ID_CUENTASMAYORES) ON DELETE CASCADE ON UPDATE CASCADE
);

CREATE TABLE SUBCUENTAS (
  ID_SUBCUENTAS SERIAL NOT NULL PRIMARY KEY,
  CODIGO_SUBCUENTAS VARCHAR(10) NOT NULL,
  NOMBRE_SUBCUENTAS VARCHAR(50) NOT NULL,
  DESCRIPCION_SUBCUENTAS VARCHAR(100) NOT NULL,
  FK_CUENTAS INT NOT NULL,
  FOREIGN KEY (FK_CUENTAS) REFERENCES CUENTAS(ID_CUENTAS) ON DELETE CASCADE ON UPDATE CASCADE
);

CREATE TABLE PARTIDAS(
 ID_PARTIDA SERIAL NOT NULL PRIMARY KEY,
 DESCRIPCION_PARTIDA VARCHAR(100) NOT NULL,
 FECHA_PARTIDA DATE NOT NULL
);

CREATE TABLE DETALLES_PARTIDAS(
  ID_DETALLE_PARTIDA SERIAL NOT NULL PRIMARY KEY,
  MONTO DECIMAL(10,2) NOT NULL,
  TIPO VARCHAR(10) NOT NULL DEFAULT 'DEBE',
  FK_PARTIDA INT NOT NULL,
  FK_SUBCUENTAS INT NOT NULL,
  FOREIGN KEY (FK_PARTIDA) REFERENCES PARTIDAS(ID_PARTIDA) ON DELETE CASCADE ON UPDATE CASCADE,
  FOREIGN KEY (FK_SUBCUENTAS) REFERENCES SUBCUENTAS(ID_SUBCUENTAS) ON DELETE CASCADE ON UPDATE CASCADE,
  CONSTRAINT CHK_TIPO CHECK (TIPO IN ('DEBE','HABER'))
);

INSERT INTO RUBROS (CODIGO_RUBRO, NOMBRE_RUBRO, DESCRIPCION_RUBRO) VALUES ('1','ACTIVO', 'CUENTA DE ACTIVO');

INSERT INTO CUENTASMAYORES (CODIGO_CUENTAS_MAYORES, NOMBRE_CUENTAS_MAYORES, DESCRIPCION_CUENTAS_MAYORES, FK_RUBRO) VALUES ('11','ACTIVO CORRIENTE', 'CUENTA DE ACTIVO CORRIENTE', 1);

INSERT INTO CUENTAS (CODIGO_CUENTAS, NOMBRE_CUENTAS, DESCRIPCION_CUENTAS, FK_CUENTASMAYORES) VALUES ('111','CAJA', 'CUENTA DE CAJA', 1);

INSERT INTO SUBCUENTAS (CODIGO_SUBCUENTAS, NOMBRE_SUBCUENTAS, DESCRIPCION_SUBCUENTAS, FK_CUENTAS) VALUES ('1111','CAJA CHICA', 'CUENTA DE CAJA CHICA', 1);
INSERT INTO SUBCUENTAS (CODIGO_SUBCUENTAS, NOMBRE_SUBCUENTAS, DESCRIPCION_SUBCUENTAS, FK_CUENTAS)  VALUES ('1112','CAJA PRINCIPAL', 'CUENTA DE CAJA PRINCIPAL', 1);

INSERT INTO CUENTAS (CODIGO_CUENTAS, NOMBRE_CUENTAS, DESCRIPCION_CUENTAS, FK_CUENTASMAYORES) VALUES ('112','BANCOS', 'CUENTA DE BANCOS', 1);

INSERT INTO SUBCUENTAS (CODIGO_SUBCUENTAS, NOMBRE_SUBCUENTAS, DESCRIPCION_SUBCUENTAS, FK_CUENTAS)  VALUES ('1121','BANCO AGRICOLA', 'CUENTA DE BANCO AGRICOLA', 2);
INSERT INTO SUBCUENTAS (CODIGO_SUBCUENTAS, NOMBRE_SUBCUENTAS, DESCRIPCION_SUBCUENTAS, FK_CUENTAS)  VALUES ('1122','BANCO CUSCATLAN', 'CUENTA DE BANCO CUSCATLAN', 2);
INSERT INTO SUBCUENTAS (CODIGO_SUBCUENTAS, NOMBRE_SUBCUENTAS, DESCRIPCION_SUBCUENTAS, FK_CUENTAS)  VALUES ('1123','BANCO AZUL', 'CUENTA DE BANCO AZUL', 2);
INSERT INTO SUBCUENTAS (CODIGO_SUBCUENTAS, NOMBRE_SUBCUENTAS, DESCRIPCION_SUBCUENTAS, FK_CUENTAS)  VALUES ('1124','BANCO PROMERICA', 'CUENTA DE BANCO PROMERICA', 2);

INSERT INTO CUENTAS (CODIGO_CUENTAS, NOMBRE_CUENTAS, DESCRIPCION_CUENTAS, FK_CUENTASMAYORES) VALUES ('113','INVENTARIO', 'CUENTA DE INVENTARIO', 1);

INSERT INTO SUBCUENTAS (CODIGO_SUBCUENTAS, NOMBRE_SUBCUENTAS, DESCRIPCION_SUBCUENTAS, FK_CUENTAS)  VALUES ('1131','MATERIA PRIMA', 'CUENTA DE MATERIA PRIMA', 3);
INSERT INTO SUBCUENTAS (CODIGO_SUBCUENTAS, NOMBRE_SUBCUENTAS, DESCRIPCION_SUBCUENTAS, FK_CUENTAS)  VALUES ('1132','PRODUCTO EN PROCESO', 'CUENTA DE PRODUCTO EN PROCESO', 3);
INSERT INTO SUBCUENTAS (CODIGO_SUBCUENTAS, NOMBRE_SUBCUENTAS, DESCRIPCION_SUBCUENTAS, FK_CUENTAS)  VALUES ('1133','PRODUCTO TERMINADO', 'CUENTA DE PRODUCTO TERMINADO', 3);

INSERT INTO CUENTAS (CODIGO_CUENTAS, NOMBRE_CUENTAS, DESCRIPCION_CUENTAS, FK_CUENTASMAYORES) VALUES ('114','CLIENTES', 'CUENTA DE CLIENTES', 1);

INSERT INTO SUBCUENTAS (CODIGO_SUBCUENTAS, NOMBRE_SUBCUENTAS, DESCRIPCION_SUBCUENTAS, FK_CUENTAS)  VALUES ('1141','CLIENTES NACIONALES', 'CUENTA DE CLIENTES NACIONALES', 4);
INSERT INTO SUBCUENTAS (CODIGO_SUBCUENTAS, NOMBRE_SUBCUENTAS, DESCRIPCION_SUBCUENTAS, FK_CUENTAS)  VALUES ('1142','CLIENTES EXTRANJEROS', 'CUENTA DE CLIENTES EXTRANJEROS', 4);

INSERT INTO CUENTAS (CODIGO_CUENTAS, NOMBRE_CUENTAS, DESCRIPCION_CUENTAS, FK_CUENTASMAYORES) VALUES ('115','DOCUMENTOS POR COBRAR', 'CUENTA DE DOCUMENTOS POR COBRAR', 1);

INSERT INTO SUBCUENTAS (CODIGO_SUBCUENTAS, NOMBRE_SUBCUENTAS, DESCRIPCION_SUBCUENTAS, FK_CUENTAS)  VALUES ('1151','DOCUMENTOS POR COBRAR NACIONALES', 'CUENTA DE DOCUMENTOS POR COBRAR NACIONALES', 5);
INSERT INTO SUBCUENTAS (CODIGO_SUBCUENTAS, NOMBRE_SUBCUENTAS, DESCRIPCION_SUBCUENTAS, FK_CUENTAS)  VALUES ('1152','DOCUMENTOS POR COBRAR EXTRANJEROS', 'CUENTA DE DOCUMENTOS POR COBRAR EXTRANJEROS', 5);

INSERT INTO CUENTAS (CODIGO_CUENTAS, NOMBRE_CUENTAS, DESCRIPCION_CUENTAS, FK_CUENTASMAYORES) VALUES ('116','ANTICIPOS A PROVEEDORES', 'CUENTA DE ANTICIPOS A PROVEEDORES', 1);

INSERT INTO SUBCUENTAS (CODIGO_SUBCUENTAS, NOMBRE_SUBCUENTAS, DESCRIPCION_SUBCUENTAS, FK_CUENTAS)  VALUES ('1161','ANTICIPOS A PROVEEDORES NACIONALES', 'CUENTA DE ANTICIPOS A PROVEEDORES NACIONALES', 6);
INSERT INTO SUBCUENTAS (CODIGO_SUBCUENTAS, NOMBRE_SUBCUENTAS, DESCRIPCION_SUBCUENTAS, FK_CUENTAS)  VALUES ('1162','ANTICIPOS A PROVEEDORES EXTRANJEROS', 'CUENTA DE ANTICIPOS A PROVEEDORES EXTRANJEROS', 6);

INSERT INTO CUENTAS (CODIGO_CUENTAS, NOMBRE_CUENTAS, DESCRIPCION_CUENTAS, FK_CUENTASMAYORES) VALUES ('117','TERRENOS', 'CUENTA DE TERRENOS', 1);

INSERT INTO SUBCUENTAS (CODIGO_SUBCUENTAS, NOMBRE_SUBCUENTAS, DESCRIPCION_SUBCUENTAS, FK_CUENTAS)  VALUES ('1171','TERRENOS NACIONALES', 'CUENTA DE TERRENOS NACIONALES', 7);
INSERT INTO SUBCUENTAS (CODIGO_SUBCUENTAS, NOMBRE_SUBCUENTAS, DESCRIPCION_SUBCUENTAS, FK_CUENTAS)  VALUES ('1172','TERRENOS EXTRANJEROS', 'CUENTA DE TERRENOS EXTRANJEROS', 7);

INSERT INTO CUENTASMAYORES (CODIGO_CUENTAS_MAYORES, NOMBRE_CUENTAS_MAYORES, DESCRIPCION_CUENTAS_MAYORES, FK_RUBRO) VALUES ('12','ACTIVO NO CORRIENTE', 'CUENTA DE ACTIVO NO CORRIENTE', 1); 

INSERT INTO CUENTAS (CODIGO_CUENTAS, NOMBRE_CUENTAS, DESCRIPCION_CUENTAS, FK_CUENTASMAYORES) VALUES ('121','EDIFICIOS', 'CUENTA DE EDIFICIOS', 2);
INSERT INTO SUBCUENTAS (CODIGO_SUBCUENTAS, NOMBRE_SUBCUENTAS, DESCRIPCION_SUBCUENTAS, FK_CUENTAS)  VALUES ('1211','EDIFICIOS NACIONALES', 'CUENTA DE EDIFICIOS NACIONALES', 8);
INSERT INTO SUBCUENTAS (CODIGO_SUBCUENTAS, NOMBRE_SUBCUENTAS, DESCRIPCION_SUBCUENTAS, FK_CUENTAS)  VALUES ('1212','EDIFICIOS EXTRANJEROS', 'CUENTA DE EDIFICIOS EXTRANJEROS', 8);

INSERT INTO CUENTAS (CODIGO_CUENTAS, NOMBRE_CUENTAS, DESCRIPCION_CUENTAS, FK_CUENTASMAYORES) VALUES ('122','VEHICULOS', 'CUENTA DE VEHICULOS', 2);
INSERT INTO SUBCUENTAS (CODIGO_SUBCUENTAS, NOMBRE_SUBCUENTAS, DESCRIPCION_SUBCUENTAS, FK_CUENTAS)  VALUES ('1221','VEHICULOS NACIONALES', 'CUENTA DE VEHICULOS NACIONALES', 9);
INSERT INTO SUBCUENTAS (CODIGO_SUBCUENTAS, NOMBRE_SUBCUENTAS, DESCRIPCION_SUBCUENTAS, FK_CUENTAS)  VALUES ('1222','VEHICULOS EXTRANJEROS', 'CUENTA DE VEHICULOS EXTRANJEROS', 9);

INSERT INTO CUENTAS (CODIGO_CUENTAS, NOMBRE_CUENTAS, DESCRIPCION_CUENTAS, FK_CUENTASMAYORES) VALUES ('123','MAQUINARIA', 'CUENTA DE MAQUINARIA', 2);
INSERT INTO SUBCUENTAS (CODIGO_SUBCUENTAS, NOMBRE_SUBCUENTAS, DESCRIPCION_SUBCUENTAS, FK_CUENTAS)  VALUES ('1231','MAQUINARIA NACIONALES', 'CUENTA DE MAQUINARIA NACIONALES', 10);
INSERT INTO SUBCUENTAS (CODIGO_SUBCUENTAS, NOMBRE_SUBCUENTAS, DESCRIPCION_SUBCUENTAS, FK_CUENTAS)  VALUES ('1232','MAQUINARIA EXTRANJEROS', 'CUENTA DE MAQUINARIA EXTRANJEROS', 10);

INSERT INTO CUENTAS (CODIGO_CUENTAS, NOMBRE_CUENTAS, DESCRIPCION_CUENTAS, FK_CUENTASMAYORES) VALUES ('124','EQUIPO DE OFICINA', 'CUENTA DE EQUIPO DE OFICINA', 2);
INSERT INTO SUBCUENTAS (CODIGO_SUBCUENTAS, NOMBRE_SUBCUENTAS, DESCRIPCION_SUBCUENTAS, FK_CUENTAS)  VALUES ('1241','EQUIPO DE OFICINA NACIONALES', 'CUENTA DE EQUIPO DE OFICINA NACIONALES', 11);
INSERT INTO SUBCUENTAS (CODIGO_SUBCUENTAS, NOMBRE_SUBCUENTAS, DESCRIPCION_SUBCUENTAS, FK_CUENTAS)  VALUES ('1242','EQUIPO DE OFICINA EXTRANJEROS', 'CUENTA DE EQUIPO DE OFICINA EXTRANJEROS', 11);

INSERT INTO CUENTAS (CODIGO_CUENTAS, NOMBRE_CUENTAS, DESCRIPCION_CUENTAS, FK_CUENTASMAYORES) VALUES ('125','EQUIPO DE COMPUTO', 'CUENTA DE EQUIPO DE COMPUTO', 2);
INSERT INTO SUBCUENTAS (CODIGO_SUBCUENTAS, NOMBRE_SUBCUENTAS, DESCRIPCION_SUBCUENTAS, FK_CUENTAS)  VALUES ('1251','EQUIPO DE COMPUTO NACIONALES', 'CUENTA DE EQUIPO DE COMPUTO NACIONALES', 12);
INSERT INTO SUBCUENTAS (CODIGO_SUBCUENTAS, NOMBRE_SUBCUENTAS, DESCRIPCION_SUBCUENTAS, FK_CUENTAS)  VALUES ('1252','EQUIPO DE COMPUTO EXTRANJEROS', 'CUENTA DE EQUIPO DE COMPUTO EXTRANJEROS', 12);

INSERT INTO CUENTAS (CODIGO_CUENTAS, NOMBRE_CUENTAS, DESCRIPCION_CUENTAS, FK_CUENTASMAYORES) VALUES ('126','EQUIPO DE COMUNICACION', 'CUENTA DE EQUIPO DE COMUNICACION', 2);
INSERT INTO SUBCUENTAS (CODIGO_SUBCUENTAS, NOMBRE_SUBCUENTAS, DESCRIPCION_SUBCUENTAS, FK_CUENTAS)  VALUES ('1261','EQUIPO DE COMUNICACION NACIONALES', 'CUENTA DE EQUIPO DE COMUNICACION NACIONALES', 13);
INSERT INTO SUBCUENTAS (CODIGO_SUBCUENTAS, NOMBRE_SUBCUENTAS, DESCRIPCION_SUBCUENTAS, FK_CUENTAS)  VALUES ('1262','EQUIPO DE COMUNICACION EXTRANJEROS', 'CUENTA DE EQUIPO DE COMUNICACION EXTRANJEROS', 13);

INSERT INTO CUENTAS (CODIGO_CUENTAS, NOMBRE_CUENTAS, DESCRIPCION_CUENTAS, FK_CUENTASMAYORES) VALUES ('127','EQUIPO DE TRANSPORTE', 'CUENTA DE EQUIPO DE TRANSPORTE', 2);
INSERT INTO SUBCUENTAS (CODIGO_SUBCUENTAS, NOMBRE_SUBCUENTAS, DESCRIPCION_SUBCUENTAS, FK_CUENTAS)  VALUES ('1271','EQUIPO DE TRANSPORTE NACIONALES', 'CUENTA DE EQUIPO DE TRANSPORTE NACIONALES', 14);
INSERT INTO SUBCUENTAS (CODIGO_SUBCUENTAS, NOMBRE_SUBCUENTAS, DESCRIPCION_SUBCUENTAS, FK_CUENTAS)  VALUES ('1272','EQUIPO DE TRANSPORTE EXTRANJEROS', 'CUENTA DE EQUIPO DE TRANSPORTE EXTRANJEROS', 14);

INSERT INTO CUENTAS (CODIGO_CUENTAS, NOMBRE_CUENTAS, DESCRIPCION_CUENTAS, FK_CUENTASMAYORES) VALUES ('128','EQUIPO DE HERRAMIENTAS', 'CUENTA DE EQUIPO DE HERRAMIENTAS', 2);
INSERT INTO SUBCUENTAS (CODIGO_SUBCUENTAS, NOMBRE_SUBCUENTAS, DESCRIPCION_SUBCUENTAS, FK_CUENTAS)  VALUES ('1281','EQUIPO DE HERRAMIENTAS NACIONALES', 'CUENTA DE EQUIPO DE HERRAMIENTAS NACIONALES', 15);
INSERT INTO SUBCUENTAS (CODIGO_SUBCUENTAS, NOMBRE_SUBCUENTAS, DESCRIPCION_SUBCUENTAS, FK_CUENTAS)  VALUES ('1282','EQUIPO DE HERRAMIENTAS EXTRANJEROS', 'CUENTA DE EQUIPO DE HERRAMIENTAS EXTRANJEROS', 15);

INSERT INTO CUENTAS (CODIGO_CUENTAS, NOMBRE_CUENTAS, DESCRIPCION_CUENTAS, FK_CUENTASMAYORES) VALUES ('129','EQUIPO DE LIMPIEZA', 'CUENTA DE EQUIPO DE LIMPIEZA', 2);
INSERT INTO SUBCUENTAS (CODIGO_SUBCUENTAS, NOMBRE_SUBCUENTAS, DESCRIPCION_SUBCUENTAS, FK_CUENTAS)  VALUES ('1291','EQUIPO DE LIMPIEZA NACIONALES', 'CUENTA DE EQUIPO DE LIMPIEZA NACIONALES', 16);
INSERT INTO SUBCUENTAS (CODIGO_SUBCUENTAS, NOMBRE_SUBCUENTAS, DESCRIPCION_SUBCUENTAS, FK_CUENTAS)  VALUES ('1292','EQUIPO DE LIMPIEZA EXTRANJEROS', 'CUENTA DE EQUIPO DE LIMPIEZA EXTRANJEROS', 16);

INSERT INTO CUENTAS (CODIGO_CUENTAS, NOMBRE_CUENTAS, DESCRIPCION_CUENTAS, FK_CUENTASMAYORES) VALUES ('1210','DEPRECIACION ACUMULADA', 'CUENTA DE DEPRECIACION ACUMULADA', 2);
INSERT INTO SUBCUENTAS (CODIGO_SUBCUENTAS, NOMBRE_SUBCUENTAS, DESCRIPCION_SUBCUENTAS, FK_CUENTAS)  VALUES ('12101','DEPRECIACION ACUMULADA EDIFICIOS', 'CUENTA DE DEPRECIACION ACUMULADA EDIFICIOS', 17);
INSERT INTO SUBCUENTAS (CODIGO_SUBCUENTAS, NOMBRE_SUBCUENTAS, DESCRIPCION_SUBCUENTAS, FK_CUENTAS)  VALUES ('12102','DEPRECIACION ACUMULADA VEHICULOS', 'CUENTA DE DEPRECIACION ACUMULADA VEHICULOS', 17);
INSERT INTO SUBCUENTAS (CODIGO_SUBCUENTAS, NOMBRE_SUBCUENTAS, DESCRIPCION_SUBCUENTAS, FK_CUENTAS)  VALUES ('12103','DEPRECIACION ACUMULADA MAQUINARIA', 'CUENTA DE DEPRECIACION ACUMULADA MAQUINARIA', 17);
INSERT INTO SUBCUENTAS (CODIGO_SUBCUENTAS, NOMBRE_SUBCUENTAS, DESCRIPCION_SUBCUENTAS, FK_CUENTAS)  VALUES ('12104','DEPRECIACION ACUMULADA EQUIPO DE OFICINA', 'CUENTA DE DEPRECIACION ACUMULADA EQUIPO DE OFICINA', 17);
INSERT INTO SUBCUENTAS (CODIGO_SUBCUENTAS, NOMBRE_SUBCUENTAS, DESCRIPCION_SUBCUENTAS, FK_CUENTAS)  VALUES ('12105','DEPRECIACION ACUMULADA EQUIPO DE COMPUTO', 'CUENTA DE DEPRECIACION ACUMULADA EQUIPO DE COMPUTO', 17);

INSERT INTO CUENTASMAYORES (CODIGO_CUENTAS_MAYORES, NOMBRE_CUENTAS_MAYORES, DESCRIPCION_CUENTAS_MAYORES, FK_RUBRO) VALUES ('13','ACTIVO DIFERIDO', 'CUENTA DE ACTIVO DIFERIDO', 1);

INSERT INTO CUENTAS (CODIGO_CUENTAS, NOMBRE_CUENTAS, DESCRIPCION_CUENTAS, FK_CUENTASMAYORES) VALUES ('131','GASTOS DE ORGANIZACION', 'CUENTA DE GASTOS DE ORGANIZACION', 3);
INSERT INTO SUBCUENTAS (CODIGO_SUBCUENTAS, NOMBRE_SUBCUENTAS, DESCRIPCION_SUBCUENTAS, FK_CUENTAS)  VALUES ('1311','GASTOS DE ORGANIZACION NACIONALES', 'CUENTA DE GASTOS DE ORGANIZACION NACIONALES', 18);
INSERT INTO SUBCUENTAS (CODIGO_SUBCUENTAS, NOMBRE_SUBCUENTAS, DESCRIPCION_SUBCUENTAS, FK_CUENTAS)  VALUES ('1312','GASTOS DE ORGANIZACION EXTRANJEROS', 'CUENTA DE GASTOS DE ORGANIZACION EXTRANJEROS', 18);

INSERT INTO CUENTAS (CODIGO_CUENTAS, NOMBRE_CUENTAS, DESCRIPCION_CUENTAS, FK_CUENTASMAYORES) VALUES ('132','GASTOS DE INSTALACION', 'CUENTA DE GASTOS DE INSTALACION', 3);
INSERT INTO SUBCUENTAS (CODIGO_SUBCUENTAS, NOMBRE_SUBCUENTAS, DESCRIPCION_SUBCUENTAS, FK_CUENTAS)  VALUES ('1321','GASTOS DE INSTALACION NACIONALES', 'CUENTA DE GASTOS DE INSTALACION NACIONALES', 19);
INSERT INTO SUBCUENTAS (CODIGO_SUBCUENTAS, NOMBRE_SUBCUENTAS, DESCRIPCION_SUBCUENTAS, FK_CUENTAS)  VALUES ('1322','GASTOS DE INSTALACION EXTRANJEROS', 'CUENTA DE GASTOS DE INSTALACION EXTRANJEROS', 19);

INSERT INTO CUENTAS (CODIGO_CUENTAS, NOMBRE_CUENTAS, DESCRIPCION_CUENTAS, FK_CUENTASMAYORES) VALUES ('133','GASTOS DE PREOPERACION', 'CUENTA DE GASTOS DE PREOPERACION', 3);
INSERT INTO SUBCUENTAS (CODIGO_SUBCUENTAS, NOMBRE_SUBCUENTAS, DESCRIPCION_SUBCUENTAS, FK_CUENTAS)  VALUES ('1331','GASTOS DE PREOPERACION NACIONALES', 'CUENTA DE GASTOS DE PREOPERACION NACIONALES', 20);
INSERT INTO SUBCUENTAS (CODIGO_SUBCUENTAS, NOMBRE_SUBCUENTAS, DESCRIPCION_SUBCUENTAS, FK_CUENTAS)  VALUES ('1332','GASTOS DE PREOPERACION EXTRANJEROS', 'CUENTA DE GASTOS DE PREOPERACION EXTRANJEROS', 20);

INSERT INTO CUENTAS (CODIGO_CUENTAS, NOMBRE_CUENTAS, DESCRIPCION_CUENTAS, FK_CUENTASMAYORES) VALUES ('134','GASTOS DE INVESTIGACION', 'CUENTA DE GASTOS DE INVESTIGACION', 3);
INSERT INTO SUBCUENTAS (CODIGO_SUBCUENTAS, NOMBRE_SUBCUENTAS, DESCRIPCION_SUBCUENTAS, FK_CUENTAS)  VALUES ('1341','GASTOS DE INVESTIGACION NACIONALES', 'CUENTA DE GASTOS DE INVESTIGACION NACIONALES', 21);
INSERT INTO SUBCUENTAS (CODIGO_SUBCUENTAS, NOMBRE_SUBCUENTAS, DESCRIPCION_SUBCUENTAS, FK_CUENTAS)  VALUES ('1342','GASTOS DE INVESTIGACION EXTRANJEROS', 'CUENTA DE GASTOS DE INVESTIGACION EXTRANJEROS', 21);

INSERT INTO CUENTAS (CODIGO_CUENTAS, NOMBRE_CUENTAS, DESCRIPCION_CUENTAS, FK_CUENTASMAYORES) VALUES ('135','GASTOS DE PUBLICIDAD', 'CUENTA DE GASTOS DE PUBLICIDAD', 3);
INSERT INTO SUBCUENTAS (CODIGO_SUBCUENTAS, NOMBRE_SUBCUENTAS, DESCRIPCION_SUBCUENTAS, FK_CUENTAS)  VALUES ('1351','GASTOS DE PUBLICIDAD NACIONALES', 'CUENTA DE GASTOS DE PUBLICIDAD NACIONALES', 22);
INSERT INTO SUBCUENTAS (CODIGO_SUBCUENTAS, NOMBRE_SUBCUENTAS, DESCRIPCION_SUBCUENTAS, FK_CUENTAS)  VALUES ('1352','GASTOS DE PUBLICIDAD EXTRANJEROS', 'CUENTA DE GASTOS DE PUBLICIDAD EXTRANJEROS', 22);

INSERT INTO CUENTAS (CODIGO_CUENTAS, NOMBRE_CUENTAS, DESCRIPCION_CUENTAS, FK_CUENTASMAYORES) VALUES ('136','GASTOS DE PROMOCION', 'CUENTA DE GASTOS DE PROMOCION', 3);
INSERT INTO SUBCUENTAS (CODIGO_SUBCUENTAS, NOMBRE_SUBCUENTAS, DESCRIPCION_SUBCUENTAS, FK_CUENTAS)  VALUES ('1361','GASTOS DE PROMOCION NACIONALES', 'CUENTA DE GASTOS DE PROMOCION NACIONALES', 23);
INSERT INTO SUBCUENTAS (CODIGO_SUBCUENTAS, NOMBRE_SUBCUENTAS, DESCRIPCION_SUBCUENTAS, FK_CUENTAS)  VALUES ('1362','GASTOS DE PROMOCION EXTRANJEROS', 'CUENTA DE GASTOS DE PROMOCION EXTRANJEROS', 23);

INSERT INTO CUENTAS (CODIGO_CUENTAS, NOMBRE_CUENTAS, DESCRIPCION_CUENTAS, FK_CUENTASMAYORES) VALUES ('137','GASTOS DE ORGANIZACION', 'CUENTA DE GASTOS DE ORGANIZACION', 3);
INSERT INTO SUBCUENTAS (CODIGO_SUBCUENTAS, NOMBRE_SUBCUENTAS, DESCRIPCION_SUBCUENTAS, FK_CUENTAS)  VALUES ('1371','GASTOS DE ORGANIZACION NACIONALES', 'CUENTA DE GASTOS DE ORGANIZACION NACIONALES', 24);
INSERT INTO SUBCUENTAS (CODIGO_SUBCUENTAS, NOMBRE_SUBCUENTAS, DESCRIPCION_SUBCUENTAS, FK_CUENTAS)  VALUES ('1372','GASTOS DE ORGANIZACION EXTRANJEROS', 'CUENTA DE GASTOS DE ORGANIZACION EXTRANJEROS', 24);

INSERT INTO RUBROS (CODIGO_RUBRO, NOMBRE_RUBRO, DESCRIPCION_RUBRO) VALUES ('2','PASIVO', 'CUENTA DE PASIVO');

INSERT INTO CUENTASMAYORES (CODIGO_CUENTAS_MAYORES, NOMBRE_CUENTAS_MAYORES, DESCRIPCION_CUENTAS_MAYORES, FK_RUBRO) VALUES ('21','PASIVO CORRIENTE', 'CUENTA DE PASIVO CORRIENTE', 2);

INSERT INTO CUENTAS (CODIGO_CUENTAS, NOMBRE_CUENTAS, DESCRIPCION_CUENTAS, FK_CUENTASMAYORES) VALUES ('211','PROVEEDORES', 'CUENTA DE PROVEEDORES', 4);
INSERT INTO SUBCUENTAS (CODIGO_SUBCUENTAS, NOMBRE_SUBCUENTAS, DESCRIPCION_SUBCUENTAS, FK_CUENTAS)  VALUES ('2111','PROVEEDORES NACIONALES', 'CUENTA DE PROVEEDORES NACIONALES', 25);
INSERT INTO SUBCUENTAS (CODIGO_SUBCUENTAS, NOMBRE_SUBCUENTAS, DESCRIPCION_SUBCUENTAS, FK_CUENTAS)  VALUES ('2112','PROVEEDORES EXTRANJEROS', 'CUENTA DE PROVEEDORES EXTRANJEROS', 25);

INSERT INTO CUENTAS (CODIGO_CUENTAS, NOMBRE_CUENTAS, DESCRIPCION_CUENTAS, FK_CUENTASMAYORES) VALUES ('212','DOCUMENTOS POR PAGAR', 'CUENTA DE DOCUMENTOS POR PAGAR', 4);
INSERT INTO SUBCUENTAS (CODIGO_SUBCUENTAS, NOMBRE_SUBCUENTAS, DESCRIPCION_SUBCUENTAS, FK_CUENTAS)  VALUES ('2121','DOCUMENTOS POR PAGAR NACIONALES', 'CUENTA DE DOCUMENTOS POR PAGAR NACIONALES', 26);
INSERT INTO SUBCUENTAS (CODIGO_SUBCUENTAS, NOMBRE_SUBCUENTAS, DESCRIPCION_SUBCUENTAS, FK_CUENTAS)  VALUES ('2122','DOCUMENTOS POR PAGAR EXTRANJEROS', 'CUENTA DE DOCUMENTOS POR PAGAR EXTRANJEROS', 26);

INSERT INTO CUENTAS (CODIGO_CUENTAS, NOMBRE_CUENTAS, DESCRIPCION_CUENTAS, FK_CUENTASMAYORES) VALUES ('213','ANTICIPOS DE CLIENTES', 'CUENTA DE ANTICIPOS DE CLIENTES', 4);
INSERT INTO SUBCUENTAS (CODIGO_SUBCUENTAS, NOMBRE_SUBCUENTAS, DESCRIPCION_SUBCUENTAS, FK_CUENTAS)  VALUES ('2131','ANTICIPOS DE CLIENTES NACIONALES', 'CUENTA DE ANTICIPOS DE CLIENTES NACIONALES', 27);
INSERT INTO SUBCUENTAS (CODIGO_SUBCUENTAS, NOMBRE_SUBCUENTAS, DESCRIPCION_SUBCUENTAS, FK_CUENTAS)  VALUES ('2132','ANTICIPOS DE CLIENTES EXTRANJEROS', 'CUENTA DE ANTICIPOS DE CLIENTES EXTRANJEROS', 27);

INSERT INTO CUENTAS (CODIGO_CUENTAS, NOMBRE_CUENTAS, DESCRIPCION_CUENTAS, FK_CUENTASMAYORES) VALUES ('214','IMPUESTOS POR PAGAR', 'CUENTA DE IMPUESTOS POR PAGAR', 4);
INSERT INTO SUBCUENTAS (CODIGO_SUBCUENTAS, NOMBRE_SUBCUENTAS, DESCRIPCION_SUBCUENTAS, FK_CUENTAS)  VALUES ('2141','IMPUESTOS POR PAGAR NACIONALES', 'CUENTA DE IMPUESTOS POR PAGAR NACIONALES', 28);
INSERT INTO SUBCUENTAS (CODIGO_SUBCUENTAS, NOMBRE_SUBCUENTAS, DESCRIPCION_SUBCUENTAS, FK_CUENTAS)  VALUES ('2142','IMPUESTOS POR PAGAR EXTRANJEROS', 'CUENTA DE IMPUESTOS POR PAGAR EXTRANJEROS', 28);

INSERT INTO CUENTAS (CODIGO_CUENTAS, NOMBRE_CUENTAS, DESCRIPCION_CUENTAS, FK_CUENTASMAYORES) VALUES ('215','PRESTAMOS BANCARIOS', 'CUENTA DE PRESTAMOS BANCARIOS', 4);
INSERT INTO SUBCUENTAS (CODIGO_SUBCUENTAS, NOMBRE_SUBCUENTAS, DESCRIPCION_SUBCUENTAS, FK_CUENTAS)  VALUES ('2151','PRESTAMOS BANCARIOS NACIONALES', 'CUENTA DE PRESTAMOS BANCARIOS NACIONALES', 29);
INSERT INTO SUBCUENTAS (CODIGO_SUBCUENTAS, NOMBRE_SUBCUENTAS, DESCRIPCION_SUBCUENTAS, FK_CUENTAS)  VALUES ('2152','PRESTAMOS BANCARIOS EXTRANJEROS', 'CUENTA DE PRESTAMOS BANCARIOS EXTRANJEROS', 29);

INSERT INTO CUENTAS (CODIGO_CUENTAS, NOMBRE_CUENTAS, DESCRIPCION_CUENTAS, FK_CUENTASMAYORES) VALUES ('216','PRESTAMOS DE ACCIONISTAS', 'CUENTA DE PRESTAMOS DE ACCIONISTAS', 4);
INSERT INTO SUBCUENTAS (CODIGO_SUBCUENTAS, NOMBRE_SUBCUENTAS, DESCRIPCION_SUBCUENTAS, FK_CUENTAS)  VALUES ('2161','PRESTAMOS DE ACCIONISTAS NACIONALES', 'CUENTA DE PRESTAMOS DE ACCIONISTAS NACIONALES', 30);
INSERT INTO SUBCUENTAS (CODIGO_SUBCUENTAS, NOMBRE_SUBCUENTAS, DESCRIPCION_SUBCUENTAS, FK_CUENTAS)  VALUES ('2162','PRESTAMOS DE ACCIONISTAS EXTRANJEROS', 'CUENTA DE PRESTAMOS DE ACCIONISTAS EXTRANJEROS', 30);

INSERT INTO CUENTASMAYORES (CODIGO_CUENTAS_MAYORES, NOMBRE_CUENTAS_MAYORES, DESCRIPCION_CUENTAS_MAYORES, FK_RUBRO) VALUES ('22','PASIVO NO CORRIENTE', 'CUENTA DE PASIVO NO CORRIENTE', 2);

INSERT INTO CUENTAS (CODIGO_CUENTAS, NOMBRE_CUENTAS, DESCRIPCION_CUENTAS, FK_CUENTASMAYORES) VALUES ('221','PRESTAMOS BANCARIOS', 'CUENTA DE PRESTAMOS BANCARIOS', 5);
INSERT INTO SUBCUENTAS (CODIGO_SUBCUENTAS, NOMBRE_SUBCUENTAS, DESCRIPCION_SUBCUENTAS, FK_CUENTAS)  VALUES ('2211','PRESTAMOS BANCARIOS NACIONALES', 'CUENTA DE PRESTAMOS BANCARIOS NACIONALES', 31);
INSERT INTO SUBCUENTAS (CODIGO_SUBCUENTAS, NOMBRE_SUBCUENTAS, DESCRIPCION_SUBCUENTAS, FK_CUENTAS)  VALUES ('2212','PRESTAMOS BANCARIOS EXTRANJEROS', 'CUENTA DE PRESTAMOS BANCARIOS EXTRANJEROS', 31);

INSERT INTO CUENTAS (CODIGO_CUENTAS, NOMBRE_CUENTAS, DESCRIPCION_CUENTAS, FK_CUENTASMAYORES) VALUES ('222','PRESTAMOS DE ACCIONISTAS', 'CUENTA DE PRESTAMOS DE ACCIONISTAS', 5);
INSERT INTO SUBCUENTAS (CODIGO_SUBCUENTAS, NOMBRE_SUBCUENTAS, DESCRIPCION_SUBCUENTAS, FK_CUENTAS)  VALUES ('2221','PRESTAMOS DE ACCIONISTAS NACIONALES', 'CUENTA DE PRESTAMOS DE ACCIONISTAS NACIONALES', 32);
INSERT INTO SUBCUENTAS (CODIGO_SUBCUENTAS, NOMBRE_SUBCUENTAS, DESCRIPCION_SUBCUENTAS, FK_CUENTAS)  VALUES ('2222','PRESTAMOS DE ACCIONISTAS EXTRANJEROS', 'CUENTA DE PRESTAMOS DE ACCIONISTAS EXTRANJEROS', 32);

INSERT INTO CUENTAS (CODIGO_CUENTAS, NOMBRE_CUENTAS, DESCRIPCION_CUENTAS, FK_CUENTASMAYORES) VALUES ('223','HIPOTECAS POR PAGAR', 'CUENTA DE HIPOTECAS POR PAGAR', 5);
INSERT INTO SUBCUENTAS (CODIGO_SUBCUENTAS, NOMBRE_SUBCUENTAS, DESCRIPCION_SUBCUENTAS, FK_CUENTAS)  VALUES ('2231','HIPOTECAS POR PAGAR NACIONALES', 'CUENTA DE HIPOTECAS POR PAGAR NACIONALES', 33);
INSERT INTO SUBCUENTAS (CODIGO_SUBCUENTAS, NOMBRE_SUBCUENTAS, DESCRIPCION_SUBCUENTAS, FK_CUENTAS)  VALUES ('2232','HIPOTECAS POR PAGAR EXTRANJEROS', 'CUENTA DE HIPOTECAS POR PAGAR EXTRANJEROS', 33);

INSERT INTO CUENTAS (CODIGO_CUENTAS, NOMBRE_CUENTAS, DESCRIPCION_CUENTAS, FK_CUENTASMAYORES) VALUES ('224','BONOS POR PAGAR', 'CUENTA DE BONOS POR PAGAR', 5);
INSERT INTO SUBCUENTAS (CODIGO_SUBCUENTAS, NOMBRE_SUBCUENTAS, DESCRIPCION_SUBCUENTAS, FK_CUENTAS)  VALUES ('2241','BONOS POR PAGAR NACIONALES', 'CUENTA DE BONOS POR PAGAR NACIONALES', 34);
INSERT INTO SUBCUENTAS (CODIGO_SUBCUENTAS, NOMBRE_SUBCUENTAS, DESCRIPCION_SUBCUENTAS, FK_CUENTAS)  VALUES ('2242','BONOS POR PAGAR EXTRANJEROS', 'CUENTA DE BONOS POR PAGAR EXTRANJEROS', 34);

INSERT INTO CUENTAS (CODIGO_CUENTAS, NOMBRE_CUENTAS, DESCRIPCION_CUENTAS, FK_CUENTASMAYORES) VALUES ('225','DEUDAS CON EMPLEADOS', 'CUENTA DE DEUDAS CON EMPLEADOS', 5);
INSERT INTO SUBCUENTAS (CODIGO_SUBCUENTAS, NOMBRE_SUBCUENTAS, DESCRIPCION_SUBCUENTAS, FK_CUENTAS)  VALUES ('2251','DEUDAS CON EMPLEADOS NACIONALES', 'CUENTA DE DEUDAS CON EMPLEADOS NACIONALES', 35);
INSERT INTO SUBCUENTAS (CODIGO_SUBCUENTAS, NOMBRE_SUBCUENTAS, DESCRIPCION_SUBCUENTAS, FK_CUENTAS)  VALUES ('2252','DEUDAS CON EMPLEADOS EXTRANJEROS', 'CUENTA DE DEUDAS CON EMPLEADOS EXTRANJEROS', 35);

INSERT INTO CUENTAS (CODIGO_CUENTAS, NOMBRE_CUENTAS, DESCRIPCION_CUENTAS, FK_CUENTASMAYORES) VALUES ('226','DEUDAS CON ACCIONISTAS', 'CUENTA DE DEUDAS CON ACCIONISTAS', 5);
INSERT INTO SUBCUENTAS (CODIGO_SUBCUENTAS, NOMBRE_SUBCUENTAS, DESCRIPCION_SUBCUENTAS, FK_CUENTAS)  VALUES ('2261','DEUDAS CON ACCIONISTAS NACIONALES', 'CUENTA DE DEUDAS CON ACCIONISTAS NACIONALES', 36);
INSERT INTO SUBCUENTAS (CODIGO_SUBCUENTAS, NOMBRE_SUBCUENTAS, DESCRIPCION_SUBCUENTAS, FK_CUENTAS)  VALUES ('2262','DEUDAS CON ACCIONISTAS EXTRANJEROS', 'CUENTA DE DEUDAS CON ACCIONISTAS EXTRANJEROS', 36);

INSERT INTO RUBROS (CODIGO_RUBRO, NOMBRE_RUBRO, DESCRIPCION_RUBRO) VALUES ('3','PATRIMONIO', 'CUENTA DE PATRIMONIO');

INSERT INTO CUENTASMAYORES (CODIGO_CUENTAS_MAYORES, NOMBRE_CUENTAS_MAYORES, DESCRIPCION_CUENTAS_MAYORES, FK_RUBRO) VALUES ('31','CAPITAL', 'CUENTA DE CAPITAL', 3);

INSERT INTO CUENTAS (CODIGO_CUENTAS, NOMBRE_CUENTAS, DESCRIPCION_CUENTAS, FK_CUENTASMAYORES) VALUES ('311','CAPITAL SOCIAL', 'CUENTA DE CAPITAL SOCIAL', 6);
INSERT INTO SUBCUENTAS (CODIGO_SUBCUENTAS, NOMBRE_SUBCUENTAS, DESCRIPCION_SUBCUENTAS, FK_CUENTAS)  VALUES ('3111','CAPITAL SOCIAL NACIONALES', 'CUENTA DE CAPITAL SOCIAL NACIONALES', 37);
INSERT INTO SUBCUENTAS (CODIGO_SUBCUENTAS, NOMBRE_SUBCUENTAS, DESCRIPCION_SUBCUENTAS, FK_CUENTAS)  VALUES ('3112','CAPITAL SOCIAL EXTRANJEROS', 'CUENTA DE CAPITAL SOCIAL EXTRANJEROS', 37);

INSERT INTO CUENTAS (CODIGO_CUENTAS, NOMBRE_CUENTAS, DESCRIPCION_CUENTAS, FK_CUENTASMAYORES) VALUES ('312','RESERVA LEGAL', 'CUENTA DE RESERVA LEGAL', 6);
INSERT INTO SUBCUENTAS (CODIGO_SUBCUENTAS, NOMBRE_SUBCUENTAS, DESCRIPCION_SUBCUENTAS, FK_CUENTAS)  VALUES ('3121','RESERVA LEGAL NACIONALES', 'CUENTA DE RESERVA LEGAL NACIONALES', 38);
INSERT INTO SUBCUENTAS (CODIGO_SUBCUENTAS, NOMBRE_SUBCUENTAS, DESCRIPCION_SUBCUENTAS, FK_CUENTAS)  VALUES ('3122','RESERVA LEGAL EXTRANJEROS', 'CUENTA DE RESERVA LEGAL EXTRANJEROS', 38);

INSERT INTO CUENTAS (CODIGO_CUENTAS, NOMBRE_CUENTAS, DESCRIPCION_CUENTAS, FK_CUENTASMAYORES) VALUES ('313','RESERVA PARA REVALUACION', 'CUENTA DE RESERVA PARA REVALUACION', 6);
INSERT INTO SUBCUENTAS (CODIGO_SUBCUENTAS, NOMBRE_SUBCUENTAS, DESCRIPCION_SUBCUENTAS, FK_CUENTAS)  VALUES ('3131','RESERVA PARA REVALUACION NACIONALES', 'CUENTA DE RESERVA PARA REVALUACION NACIONALES', 39);
INSERT INTO SUBCUENTAS (CODIGO_SUBCUENTAS, NOMBRE_SUBCUENTAS, DESCRIPCION_SUBCUENTAS, FK_CUENTAS)  VALUES ('3132','RESERVA PARA REVALUACION EXTRANJEROS', 'CUENTA DE RESERVA PARA REVALUACION EXTRANJEROS', 39);

INSERT INTO CUENTAS (CODIGO_CUENTAS, NOMBRE_CUENTAS, DESCRIPCION_CUENTAS, FK_CUENTASMAYORES) VALUES ('314','RESERVA PARA ACCIONES PROPIAS', 'CUENTA DE RESERVA PARA ACCIONES PROPIAS', 6);
INSERT INTO SUBCUENTAS (CODIGO_SUBCUENTAS, NOMBRE_SUBCUENTAS, DESCRIPCION_SUBCUENTAS, FK_CUENTAS)  VALUES ('3141','RESERVA PARA ACCIONES PROPIAS NACIONALES', 'CUENTA DE RESERVA PARA ACCIONES PROPIAS NACIONALES', 40);
INSERT INTO SUBCUENTAS (CODIGO_SUBCUENTAS, NOMBRE_SUBCUENTAS, DESCRIPCION_SUBCUENTAS, FK_CUENTAS)  VALUES ('3142','RESERVA PARA ACCIONES PROPIAS EXTRANJEROS', 'CUENTA DE RESERVA PARA ACCIONES PROPIAS EXTRANJEROS', 40);

INSERT INTO RUBROS (CODIGO_RUBRO, NOMBRE_RUBRO, DESCRIPCION_RUBRO) VALUES ('4','INGRESOS', 'CUENTA DE INGRESOS');

INSERT INTO CUENTASMAYORES (CODIGO_CUENTAS_MAYORES, NOMBRE_CUENTAS_MAYORES, DESCRIPCION_CUENTAS_MAYORES, FK_RUBRO) VALUES ('41','INGRESOS OPERACIONALES', 'CUENTA DE INGRESOS OPERACIONALES', 4);

INSERT INTO CUENTAS (CODIGO_CUENTAS, NOMBRE_CUENTAS, DESCRIPCION_CUENTAS, FK_CUENTASMAYORES) VALUES ('411','VENTAS', 'CUENTA DE VENTAS', 7);
INSERT INTO SUBCUENTAS (CODIGO_SUBCUENTAS, NOMBRE_SUBCUENTAS, DESCRIPCION_SUBCUENTAS, FK_CUENTAS)  VALUES ('4111','VENTAS NACIONALES', 'CUENTA DE VENTAS NACIONALES', 41);
INSERT INTO SUBCUENTAS (CODIGO_SUBCUENTAS, NOMBRE_SUBCUENTAS, DESCRIPCION_SUBCUENTAS, FK_CUENTAS)  VALUES ('4112','VENTAS EXTRANJEROS', 'CUENTA DE VENTAS EXTRANJEROS', 41);

INSERT INTO CUENTAS (CODIGO_CUENTAS, NOMBRE_CUENTAS, DESCRIPCION_CUENTAS, FK_CUENTASMAYORES) VALUES ('412','DEVOLUCIONES EN VENTAS', 'CUENTA DE DEVOLUCIONES EN VENTAS', 7);
INSERT INTO SUBCUENTAS (CODIGO_SUBCUENTAS, NOMBRE_SUBCUENTAS, DESCRIPCION_SUBCUENTAS, FK_CUENTAS)  VALUES ('4121','DEVOLUCIONES EN VENTAS NACIONALES', 'CUENTA DE DEVOLUCIONES EN VENTAS NACIONALES', 42);
INSERT INTO SUBCUENTAS (CODIGO_SUBCUENTAS, NOMBRE_SUBCUENTAS, DESCRIPCION_SUBCUENTAS, FK_CUENTAS)  VALUES ('4122','DEVOLUCIONES EN VENTAS EXTRANJEROS', 'CUENTA DE DEVOLUCIONES EN VENTAS EXTRANJEROS', 42);

INSERT INTO CUENTAS (CODIGO_CUENTAS, NOMBRE_CUENTAS, DESCRIPCION_CUENTAS, FK_CUENTASMAYORES) VALUES ('413','DESCUENTOS EN VENTAS', 'CUENTA DE DESCUENTOS EN VENTAS', 7);
INSERT INTO SUBCUENTAS (CODIGO_SUBCUENTAS, NOMBRE_SUBCUENTAS, DESCRIPCION_SUBCUENTAS, FK_CUENTAS)  VALUES ('4131','DESCUENTOS EN VENTAS NACIONALES', 'CUENTA DE DESCUENTOS EN VENTAS NACIONALES', 43);
INSERT INTO SUBCUENTAS (CODIGO_SUBCUENTAS, NOMBRE_SUBCUENTAS, DESCRIPCION_SUBCUENTAS, FK_CUENTAS)  VALUES ('4132','DESCUENTOS EN VENTAS EXTRANJEROS', 'CUENTA DE DESCUENTOS EN VENTAS EXTRANJEROS', 43);

INSERT INTO CUENTASMAYORES (CODIGO_CUENTAS_MAYORES, NOMBRE_CUENTAS_MAYORES, DESCRIPCION_CUENTAS_MAYORES, FK_RUBRO) VALUES ('42','INGRESOS NO OPERACIONALES', 'CUENTA DE INGRESOS NO OPERACIONALES', 4);

INSERT INTO CUENTAS (CODIGO_CUENTAS, NOMBRE_CUENTAS, DESCRIPCION_CUENTAS, FK_CUENTASMAYORES) VALUES ('421','INGRESOS POR ARRENDAMIENTO', 'CUENTA DE INGRESOS POR ARRENDAMIENTO', 8);
INSERT INTO SUBCUENTAS (CODIGO_SUBCUENTAS, NOMBRE_SUBCUENTAS, DESCRIPCION_SUBCUENTAS, FK_CUENTAS)  VALUES ('4211','INGRESOS POR ARRENDAMIENTO NACIONALES', 'CUENTA DE INGRESOS POR ARRENDAMIENTO NACIONALES', 44);
INSERT INTO SUBCUENTAS (CODIGO_SUBCUENTAS, NOMBRE_SUBCUENTAS, DESCRIPCION_SUBCUENTAS, FK_CUENTAS)  VALUES ('4212','INGRESOS POR ARRENDAMIENTO EXTRANJEROS', 'CUENTA DE INGRESOS POR ARRENDAMIENTO EXTRANJEROS', 44);

INSERT INTO CUENTAS (CODIGO_CUENTAS, NOMBRE_CUENTAS, DESCRIPCION_CUENTAS, FK_CUENTASMAYORES) VALUES ('422','INGRESOS POR INTERESES', 'CUENTA DE INGRESOS POR INTERESES', 8);
INSERT INTO SUBCUENTAS (CODIGO_SUBCUENTAS, NOMBRE_SUBCUENTAS, DESCRIPCION_SUBCUENTAS, FK_CUENTAS)  VALUES ('4221','INGRESOS POR INTERESES NACIONALES', 'CUENTA DE INGRESOS POR INTERESES NACIONALES', 45);
INSERT INTO SUBCUENTAS (CODIGO_SUBCUENTAS, NOMBRE_SUBCUENTAS, DESCRIPCION_SUBCUENTAS, FK_CUENTAS)  VALUES ('4222','INGRESOS POR INTERESES EXTRANJEROS', 'CUENTA DE INGRESOS POR INTERESES EXTRANJEROS', 45);

INSERT INTO CUENTAS (CODIGO_CUENTAS, NOMBRE_CUENTAS, DESCRIPCION_CUENTAS, FK_CUENTASMAYORES) VALUES ('423','INGRESOS POR DIVIDENDOS', 'CUENTA DE INGRESOS POR DIVIDENDOS', 8);
INSERT INTO SUBCUENTAS (CODIGO_SUBCUENTAS, NOMBRE_SUBCUENTAS, DESCRIPCION_SUBCUENTAS, FK_CUENTAS)  VALUES ('4231','INGRESOS POR DIVIDENDOS NACIONALES', 'CUENTA DE INGRESOS POR DIVIDENDOS NACIONALES', 46);
INSERT INTO SUBCUENTAS (CODIGO_SUBCUENTAS, NOMBRE_SUBCUENTAS, DESCRIPCION_SUBCUENTAS, FK_CUENTAS)  VALUES ('4232','INGRESOS POR DIVIDENDOS EXTRANJEROS', 'CUENTA DE INGRESOS POR DIVIDENDOS EXTRANJEROS', 46);

INSERT INTO CUENTAS (CODIGO_CUENTAS, NOMBRE_CUENTAS, DESCRIPCION_CUENTAS, FK_CUENTASMAYORES) VALUES ('424','INGRESOS POR VENTA DE ACTIVOS', 'CUENTA DE INGRESOS POR VENTA DE ACTIVOS', 8);
INSERT INTO SUBCUENTAS (CODIGO_SUBCUENTAS, NOMBRE_SUBCUENTAS, DESCRIPCION_SUBCUENTAS, FK_CUENTAS)  VALUES ('4241','INGRESOS POR VENTA DE ACTIVOS NACIONALES', 'CUENTA DE INGRESOS POR VENTA DE ACTIVOS NACIONALES', 47);
INSERT INTO SUBCUENTAS (CODIGO_SUBCUENTAS, NOMBRE_SUBCUENTAS, DESCRIPCION_SUBCUENTAS, FK_CUENTAS)  VALUES ('4242','INGRESOS POR VENTA DE ACTIVOS EXTRANJEROS', 'CUENTA DE INGRESOS POR VENTA DE ACTIVOS EXTRANJEROS', 47);

INSERT INTO CUENTAS (CODIGO_CUENTAS, NOMBRE_CUENTAS, DESCRIPCION_CUENTAS, FK_CUENTASMAYORES) VALUES ('425','INGRESOS POR INVERSIONES', 'CUENTA DE INGRESOS POR INVERSIONES', 8);
INSERT INTO SUBCUENTAS (CODIGO_SUBCUENTAS, NOMBRE_SUBCUENTAS, DESCRIPCION_SUBCUENTAS, FK_CUENTAS)  VALUES ('4251','INGRESOS POR INVERSIONES NACIONALES', 'CUENTA DE INGRESOS POR INVERSIONES NACIONALES', 48);
INSERT INTO SUBCUENTAS (CODIGO_SUBCUENTAS, NOMBRE_SUBCUENTAS, DESCRIPCION_SUBCUENTAS, FK_CUENTAS)  VALUES ('4252','INGRESOS POR INVERSIONES EXTRANJEROS', 'CUENTA DE INGRESOS POR INVERSIONES EXTRANJEROS', 48);

INSERT INTO CUENTASMAYORES (CODIGO_CUENTAS_MAYORES, NOMBRE_CUENTAS_MAYORES, DESCRIPCION_CUENTAS_MAYORES, FK_RUBRO) VALUES ('43','INGRESOS EXTRAORDINARIOS', 'CUENTA DE INGRESOS EXTRAORDINARIOS', 4);

INSERT INTO CUENTAS (CODIGO_CUENTAS, NOMBRE_CUENTAS, DESCRIPCION_CUENTAS, FK_CUENTASMAYORES) VALUES ('431','INGRESOS EXTRAORDINARIOS', 'CUENTA DE INGRESOS EXTRAORDINARIOS', 9);
INSERT INTO SUBCUENTAS (CODIGO_SUBCUENTAS, NOMBRE_SUBCUENTAS, DESCRIPCION_SUBCUENTAS, FK_CUENTAS)  VALUES ('4311','INGRESOS EXTRAORDINARIOS NACIONALES', 'CUENTA DE INGRESOS EXTRAORDINARIOS NACIONALES', 49);
INSERT INTO SUBCUENTAS (CODIGO_SUBCUENTAS, NOMBRE_SUBCUENTAS, DESCRIPCION_SUBCUENTAS, FK_CUENTAS)  VALUES ('4312','INGRESOS EXTRAORDINARIOS EXTRANJEROS', 'CUENTA DE INGRESOS EXTRAORDINARIOS EXTRANJEROS', 49);

INSERT INTO RUBROS (CODIGO_RUBRO, NOMBRE_RUBRO, DESCRIPCION_RUBRO) VALUES ('5','EGRESOS', 'CUENTA DE EGRESOS');

INSERT INTO CUENTASMAYORES (CODIGO_CUENTAS_MAYORES, NOMBRE_CUENTAS_MAYORES, DESCRIPCION_CUENTAS_MAYORES, FK_RUBRO) VALUES ('51','EGRESOS OPERACIONALES', 'CUENTA DE EGRESOS OPERACIONALES', 5);

INSERT INTO CUENTAS (CODIGO_CUENTAS, NOMBRE_CUENTAS, DESCRIPCION_CUENTAS, FK_CUENTASMAYORES) VALUES ('511','COSTO DE VENTAS', 'CUENTA DE COSTO DE VENTAS', 10);
INSERT INTO SUBCUENTAS (CODIGO_SUBCUENTAS, NOMBRE_SUBCUENTAS, DESCRIPCION_SUBCUENTAS, FK_CUENTAS)  VALUES ('5111','COSTO DE VENTAS NACIONALES', 'CUENTA DE COSTO DE VENTAS NACIONALES', 50);
INSERT INTO SUBCUENTAS (CODIGO_SUBCUENTAS, NOMBRE_SUBCUENTAS, DESCRIPCION_SUBCUENTAS, FK_CUENTAS)  VALUES ('5112','COSTO DE VENTAS EXTRANJEROS', 'CUENTA DE COSTO DE VENTAS EXTRANJEROS', 50);

INSERT INTO CUENTAS (CODIGO_CUENTAS, NOMBRE_CUENTAS, DESCRIPCION_CUENTAS, FK_CUENTASMAYORES) VALUES ('512','GASTOS DE VENTAS', 'CUENTA DE GASTOS DE VENTAS', 10);
INSERT INTO SUBCUENTAS (CODIGO_SUBCUENTAS, NOMBRE_SUBCUENTAS, DESCRIPCION_SUBCUENTAS, FK_CUENTAS)  VALUES ('5121','GASTOS DE VENTAS NACIONALES', 'CUENTA DE GASTOS DE VENTAS NACIONALES', 51);
INSERT INTO SUBCUENTAS (CODIGO_SUBCUENTAS, NOMBRE_SUBCUENTAS, DESCRIPCION_SUBCUENTAS, FK_CUENTAS)  VALUES ('5122','GASTOS DE VENTAS EXTRANJEROS', 'CUENTA DE GASTOS DE VENTAS EXTRANJEROS', 51);

INSERT INTO CUENTAS (CODIGO_CUENTAS, NOMBRE_CUENTAS, DESCRIPCION_CUENTAS, FK_CUENTASMAYORES) VALUES ('513','GASTOS DE ADMINISTRACION', 'CUENTA DE GASTOS DE ADMINISTRACION', 10);
INSERT INTO SUBCUENTAS (CODIGO_SUBCUENTAS, NOMBRE_SUBCUENTAS, DESCRIPCION_SUBCUENTAS, FK_CUENTAS)  VALUES ('5131','GASTOS DE ADMINISTRACION NACIONALES', 'CUENTA DE GASTOS DE ADMINISTRACION NACIONALES', 52);
INSERT INTO SUBCUENTAS (CODIGO_SUBCUENTAS, NOMBRE_SUBCUENTAS, DESCRIPCION_SUBCUENTAS, FK_CUENTAS)  VALUES ('5132','GASTOS DE ADMINISTRACION EXTRANJEROS', 'CUENTA DE GASTOS DE ADMINISTRACION EXTRANJEROS', 52);

INSERT INTO CUENTAS (CODIGO_CUENTAS, NOMBRE_CUENTAS, DESCRIPCION_CUENTAS, FK_CUENTASMAYORES) VALUES ('514','GASTOS DE DISTRIBUCION', 'CUENTA DE GASTOS DE DISTRIBUCION', 10);
INSERT INTO SUBCUENTAS (CODIGO_SUBCUENTAS, NOMBRE_SUBCUENTAS, DESCRIPCION_SUBCUENTAS, FK_CUENTAS)  VALUES ('5141','GASTOS DE DISTRIBUCION NACIONALES', 'CUENTA DE GASTOS DE DISTRIBUCION NACIONALES', 53);
INSERT INTO SUBCUENTAS (CODIGO_SUBCUENTAS, NOMBRE_SUBCUENTAS, DESCRIPCION_SUBCUENTAS, FK_CUENTAS)  VALUES ('5142','GASTOS DE DISTRIBUCION EXTRANJEROS', 'CUENTA DE GASTOS DE DISTRIBUCION EXTRANJEROS', 53);

INSERT INTO CUENTAS (CODIGO_CUENTAS, NOMBRE_CUENTAS, DESCRIPCION_CUENTAS, FK_CUENTASMAYORES) VALUES ('515','GASTOS FINANCIEROS', 'CUENTA DE GASTOS FINANCIEROS', 10);
INSERT INTO SUBCUENTAS (CODIGO_SUBCUENTAS, NOMBRE_SUBCUENTAS, DESCRIPCION_SUBCUENTAS, FK_CUENTAS)  VALUES ('5151','GASTOS FINANCIEROS NACIONALES', 'CUENTA DE GASTOS FINANCIEROS NACIONALES', 54);
INSERT INTO SUBCUENTAS (CODIGO_SUBCUENTAS, NOMBRE_SUBCUENTAS, DESCRIPCION_SUBCUENTAS, FK_CUENTAS)  VALUES ('5152','GASTOS FINANCIEROS EXTRANJEROS', 'CUENTA DE GASTOS FINANCIEROS EXTRANJEROS', 54);

INSERT INTO CUENTASMAYORES (CODIGO_CUENTAS_MAYORES, NOMBRE_CUENTAS_MAYORES, DESCRIPCION_CUENTAS_MAYORES, FK_RUBRO) VALUES ('52','EGRESOS NO OPERACIONALES', 'CUENTA DE EGRESOS NO OPERACIONALES', 5);

INSERT INTO CUENTAS (CODIGO_CUENTAS, NOMBRE_CUENTAS, DESCRIPCION_CUENTAS, FK_CUENTASMAYORES) VALUES ('521','GASTOS POR ARRENDAMIENTO', 'CUENTA DE GASTOS POR ARRENDAMIENTO', 11);
INSERT INTO SUBCUENTAS (CODIGO_SUBCUENTAS, NOMBRE_SUBCUENTAS, DESCRIPCION_SUBCUENTAS, FK_CUENTAS)  VALUES ('5211','GASTOS POR ARRENDAMIENTO NACIONALES', 'CUENTA DE GASTOS POR ARRENDAMIENTO NACIONALES', 55);
INSERT INTO SUBCUENTAS (CODIGO_SUBCUENTAS, NOMBRE_SUBCUENTAS, DESCRIPCION_SUBCUENTAS, FK_CUENTAS)  VALUES ('5212','GASTOS POR ARRENDAMIENTO EXTRANJEROS', 'CUENTA DE GASTOS POR ARRENDAMIENTO EXTRANJEROS', 55);

INSERT INTO CUENTAS (CODIGO_CUENTAS, NOMBRE_CUENTAS, DESCRIPCION_CUENTAS, FK_CUENTASMAYORES) VALUES ('522','GASTOS POR INTERESES', 'CUENTA DE GASTOS POR INTERESES', 11);
INSERT INTO SUBCUENTAS (CODIGO_SUBCUENTAS, NOMBRE_SUBCUENTAS, DESCRIPCION_SUBCUENTAS, FK_CUENTAS)  VALUES ('5221','GASTOS POR INTERESES NACIONALES', 'CUENTA DE GASTOS POR INTERESES NACIONALES', 56);
INSERT INTO SUBCUENTAS (CODIGO_SUBCUENTAS, NOMBRE_SUBCUENTAS, DESCRIPCION_SUBCUENTAS, FK_CUENTAS)  VALUES ('5222','GASTOS POR INTERESES EXTRANJEROS', 'CUENTA DE GASTOS POR INTERESES EXTRANJEROS', 56);

INSERT INTO CUENTAS (CODIGO_CUENTAS, NOMBRE_CUENTAS, DESCRIPCION_CUENTAS, FK_CUENTASMAYORES) VALUES ('523','GASTOS POR DIVIDENDOS', 'CUENTA DE GASTOS POR DIVIDENDOS', 11);
INSERT INTO SUBCUENTAS (CODIGO_SUBCUENTAS, NOMBRE_SUBCUENTAS, DESCRIPCION_SUBCUENTAS, FK_CUENTAS)  VALUES ('5231','GASTOS POR DIVIDENDOS NACIONALES', 'CUENTA DE GASTOS POR DIVIDENDOS NACIONALES', 57);
INSERT INTO SUBCUENTAS (CODIGO_SUBCUENTAS, NOMBRE_SUBCUENTAS, DESCRIPCION_SUBCUENTAS, FK_CUENTAS)  VALUES ('5232','GASTOS POR DIVIDENDOS EXTRANJEROS', 'CUENTA DE GASTOS POR DIVIDENDOS EXTRANJEROS', 57);

INSERT INTO CUENTAS (CODIGO_CUENTAS, NOMBRE_CUENTAS, DESCRIPCION_CUENTAS, FK_CUENTASMAYORES) VALUES ('524','GASTOS POR VENTA DE ACTIVOS', 'CUENTA DE GASTOS POR VENTA DE ACTIVOS', 11);
INSERT INTO SUBCUENTAS (CODIGO_SUBCUENTAS, NOMBRE_SUBCUENTAS, DESCRIPCION_SUBCUENTAS, FK_CUENTAS)  VALUES ('5241','GASTOS POR VENTA DE ACTIVOS NACIONALES', 'CUENTA DE GASTOS POR VENTA DE ACTIVOS NACIONALES', 58);
INSERT INTO SUBCUENTAS (CODIGO_SUBCUENTAS, NOMBRE_SUBCUENTAS, DESCRIPCION_SUBCUENTAS, FK_CUENTAS)  VALUES ('5242','GASTOS POR VENTA DE ACTIVOS EXTRANJEROS', 'CUENTA DE GASTOS POR VENTA DE ACTIVOS EXTRANJEROS', 58);

INSERT INTO CUENTAS (CODIGO_CUENTAS, NOMBRE_CUENTAS, DESCRIPCION_CUENTAS, FK_CUENTASMAYORES) VALUES ('525','GASTOS POR INVERSIONES', 'CUENTA DE GASTOS POR INVERSIONES', 11);
INSERT INTO SUBCUENTAS (CODIGO_SUBCUENTAS, NOMBRE_SUBCUENTAS, DESCRIPCION_SUBCUENTAS, FK_CUENTAS)  VALUES ('5251','GASTOS POR INVERSIONES NACIONALES', 'CUENTA DE GASTOS POR INVERSIONES NACIONALES', 59);
INSERT INTO SUBCUENTAS (CODIGO_SUBCUENTAS, NOMBRE_SUBCUENTAS, DESCRIPCION_SUBCUENTAS, FK_CUENTAS)  VALUES ('5252','GASTOS POR INVERSIONES EXTRANJEROS', 'CUENTA DE GASTOS POR INVERSIONES EXTRANJEROS', 59);

INSERT INTO CUENTASMAYORES (CODIGO_CUENTAS_MAYORES, NOMBRE_CUENTAS_MAYORES, DESCRIPCION_CUENTAS_MAYORES, FK_RUBRO) VALUES ('53','EGRESOS EXTRAORDINARIOS', 'CUENTA DE EGRESOS EXTRAORDINARIOS', 5);

INSERT INTO CUENTAS (CODIGO_CUENTAS, NOMBRE_CUENTAS, DESCRIPCION_CUENTAS, FK_CUENTASMAYORES) VALUES ('531','EGRESOS EXTRAORDINARIOS', 'CUENTA DE EGRESOS EXTRAORDINARIOS', 12);
INSERT INTO SUBCUENTAS (CODIGO_SUBCUENTAS, NOMBRE_SUBCUENTAS, DESCRIPCION_SUBCUENTAS, FK_CUENTAS)  VALUES ('5311','EGRESOS EXTRAORDINARIOS NACIONALES', 'CUENTA DE EGRESOS EXTRAORDINARIOS NACIONALES', 60);
INSERT INTO SUBCUENTAS (CODIGO_SUBCUENTAS, NOMBRE_SUBCUENTAS, DESCRIPCION_SUBCUENTAS, FK_CUENTAS)  VALUES ('5312','EGRESOS EXTRAORDINARIOS EXTRANJEROS', 'CUENTA DE EGRESOS EXTRAORDINARIOS EXTRANJEROS', 60);

INSERT INTO RUBROS (CODIGO_RUBRO, NOMBRE_RUBRO, DESCRIPCION_RUBRO) VALUES ('6','CUENTASMAYORES DE RESULTADO', 'CUENTA DE CUENTASMAYORES DE RESULTADO');

INSERT INTO CUENTASMAYORES (CODIGO_CUENTAS_MAYORES, NOMBRE_CUENTAS_MAYORES, DESCRIPCION_CUENTAS_MAYORES, FK_RUBRO) VALUES ('61','CUENTASMAYORES DE RESULTADO DEUDORAS', 'CUENTA DE CUENTASMAYORES DE RESULTADO DEUDORAS', 6);

INSERT INTO CUENTAS (CODIGO_CUENTAS, NOMBRE_CUENTAS, DESCRIPCION_CUENTAS, FK_CUENTASMAYORES) VALUES ('611','CUENTASMAYORES DE RESULTADO DEUDORAS', 'CUENTA DE CUENTASMAYORES DE RESULTADO DEUDORAS', 13);
INSERT INTO SUBCUENTAS (CODIGO_SUBCUENTAS, NOMBRE_SUBCUENTAS, DESCRIPCION_SUBCUENTAS, FK_CUENTAS)  VALUES ('6111','CUENTASMAYORES DE RESULTADO DEUDORAS NACIONALES', 'CUENTA DE CUENTASMAYORES DE RESULTADO DEUDORAS NACIONALES', 61);
INSERT INTO SUBCUENTAS (CODIGO_SUBCUENTAS, NOMBRE_SUBCUENTAS, DESCRIPCION_SUBCUENTAS, FK_CUENTAS)  VALUES ('6112','CUENTASMAYORES DE RESULTADO DEUDORAS EXTRANJEROS', 'CUENTA DE CUENTASMAYORES DE RESULTADO DEUDORAS EXTRANJEROS', 61);

INSERT INTO CUENTASMAYORES (CODIGO_CUENTAS_MAYORES, NOMBRE_CUENTAS_MAYORES, DESCRIPCION_CUENTAS_MAYORES, FK_RUBRO) VALUES ('62','CUENTASMAYORES DE RESULTADO ACREEDORAS', 'CUENTA DE CUENTASMAYORES DE RESULTADO ACREEDORAS', 6);

INSERT INTO CUENTAS (CODIGO_CUENTAS, NOMBRE_CUENTAS, DESCRIPCION_CUENTAS, FK_CUENTASMAYORES) VALUES ('621','CUENTASMAYORES DE RESULTADO ACREEDORAS', 'CUENTA DE CUENTASMAYORES DE RESULTADO ACREEDORAS', 14);
INSERT INTO SUBCUENTAS (CODIGO_SUBCUENTAS, NOMBRE_SUBCUENTAS, DESCRIPCION_SUBCUENTAS, FK_CUENTAS)  VALUES ('6211','CUENTASMAYORES DE RESULTADO ACREEDORAS NACIONALES', 'CUENTA DE CUENTASMAYORES DE RESULTADO ACREEDORAS NACIONALES', 62);
INSERT INTO SUBCUENTAS (CODIGO_SUBCUENTAS, NOMBRE_SUBCUENTAS, DESCRIPCION_SUBCUENTAS, FK_CUENTAS)  VALUES ('6212','CUENTASMAYORES DE RESULTADO ACREEDORAS EXTRANJEROS', 'CUENTA DE CUENTASMAYORES DE RESULTADO ACREEDORAS EXTRANJEROS', 62);

INSERT INTO RUBROS (CODIGO_RUBRO, NOMBRE_RUBRO, DESCRIPCION_RUBRO) VALUES ('7','CUENTASMAYORES DE ORDEN', 'CUENTA DE CUENTASMAYORES DE ORDEN');

INSERT INTO CUENTASMAYORES (CODIGO_CUENTAS_MAYORES, NOMBRE_CUENTAS_MAYORES, DESCRIPCION_CUENTAS_MAYORES, FK_RUBRO) VALUES ('71','CUENTASMAYORES DE ORDEN DEUDORAS', 'CUENTA DE CUENTASMAYORES DE ORDEN DEUDORAS', 7);

INSERT INTO CUENTAS (CODIGO_CUENTAS, NOMBRE_CUENTAS, DESCRIPCION_CUENTAS, FK_CUENTASMAYORES) VALUES ('711','CUENTASMAYORES DE ORDEN DEUDORAS', 'CUENTA DE CUENTASMAYORES DE ORDEN DEUDORAS', 15);
INSERT INTO SUBCUENTAS (CODIGO_SUBCUENTAS, NOMBRE_SUBCUENTAS, DESCRIPCION_SUBCUENTAS, FK_CUENTAS)  VALUES ('7111','CUENTASMAYORES DE ORDEN DEUDORAS NACIONALES', 'CUENTA DE CUENTASMAYORES DE ORDEN DEUDORAS NACIONALES', 63);
INSERT INTO SUBCUENTAS (CODIGO_SUBCUENTAS, NOMBRE_SUBCUENTAS, DESCRIPCION_SUBCUENTAS, FK_CUENTAS)  VALUES ('7112','CUENTASMAYORES DE ORDEN DEUDORAS EXTRANJEROS', 'CUENTA DE CUENTASMAYORES DE ORDEN DEUDORAS EXTRANJEROS', 63);

INSERT INTO CUENTASMAYORES (CODIGO_CUENTAS_MAYORES, NOMBRE_CUENTAS_MAYORES, DESCRIPCION_CUENTAS_MAYORES, FK_RUBRO) VALUES ('72','CUENTASMAYORES DE ORDEN ACREEDORAS', 'CUENTA DE CUENTASMAYORES DE ORDEN ACREEDORAS', 7);

INSERT INTO CUENTAS (CODIGO_CUENTAS, NOMBRE_CUENTAS, DESCRIPCION_CUENTAS, FK_CUENTASMAYORES) VALUES ('721','CUENTASMAYORES DE ORDEN ACREEDORAS', 'CUENTA DE CUENTASMAYORES DE ORDEN ACREEDORAS', 16);
INSERT INTO SUBCUENTAS (CODIGO_SUBCUENTAS, NOMBRE_SUBCUENTAS, DESCRIPCION_SUBCUENTAS, FK_CUENTAS)  VALUES ('7211','CUENTASMAYORES DE ORDEN ACREEDORAS NACIONALES', 'CUENTA DE CUENTASMAYORES DE ORDEN ACREEDORAS NACIONALES', 64);
INSERT INTO SUBCUENTAS (CODIGO_SUBCUENTAS, NOMBRE_SUBCUENTAS, DESCRIPCION_SUBCUENTAS, FK_CUENTAS)  VALUES ('7212','CUENTASMAYORES DE ORDEN ACREEDORAS EXTRANJEROS', 'CUENTA DE CUENTASMAYORES DE ORDEN ACREEDORAS EXTRANJEROS', 64);

INSERT INTO ROLES (NOMBRE_ROL, DESCRIPCION_ROL) VALUES ('ADMINISTRADOR', 'ROL DE ADMINISTRADOR');
INSERT INTO ROLES (NOMBRE, DESCRIPCION) VALUES ('USUARIO', 'ROL DE USUARIO');

INSERT INTO USUARIOS (NOMBRE_USUARIO, APELLIDO_USUARIO,CORREO_USUARIO, USUARIO_USUARIO, CONTRASENA_USUARIO, FK_ROL) VALUES ('ADMINISTRADOR', 'ADMINISTRADOR', 'admin@admin.com','admin','admin', 1);


/* SELECT PARTIDAS.id_partidas ,PARTIDAS.DESCRIPCION,detalles_partidas.MONTO AS monto,detalles_partidas.TIPO AS tipo, 
rubros.NOMBRE as rubro,
cuentasmayores.nombre as cuentas_mayor,
cuentas.nombre as cuenta,
subcuentas.NOMBRE as subcuenta, 
subcuentas.CODIGO as codigo FROM detalles_partidas 
INNER JOIN PARTIDAS ON PARTIDAs.ID_PARTIDA = detalles_partidas.ID_PARTIDA
INNER JOIN subcuentas ON subcuentas.ID_SUBCUENTAS = detalles_partidas.ID_SUBCUENTAS 
INNER JOIN CUENTAS ON CUENTAS.ID_CUENTAS = subcuentas.ID_CUENTAS 
INNER JOIN CUENTASMAYORES ON CUENTASMAYORES.ID_CUENTASMAYORES = CUENTAS.ID_CUENTASMAYORES 
INNER JOIN rubros ON rubros.ID_RUBRO = CUENTASMAYORES.ID_RUBRO; */

select * from roles;

select * from usuarios;















